序号,链接,节点数
0,https://1W2ZHM.absslk.xyz/cafad6cdfc7113ed912fd17b868bfef0,37
1,https://Pnof1W.mcsslk.xyz/f7f0f6a3dac6d42baed6e534efd94a3c,39
2,https://gitlab.com/colloq168/nodefiltrate/-/raw/main/filtrate?ref_type=heads,164
3,https://raw.githubusercontent.com/Alvin9999/pac2/master/clash.meta2/1/config.yaml,0
4,https://raw.githubusercontent.com/Alvin9999/pac2/master/clash.meta2/13/config.yaml,0
5,https://raw.githubusercontent.com/Alvin9999/pac2/master/clash.meta2/15/config.yaml,0
6,https://raw.githubusercontent.com/Alvin9999/pac2/master/clash.meta2/2/config.yaml,0
7,https://raw.githubusercontent.com/Alvin9999/pac2/master/clash.meta2/config.yaml,0
8,https://raw.githubusercontent.com/Huibq/TrojanLinks/master/links/vmess,0
9,https://raw.githubusercontent.com/Surfboardv2ray/TGParse/main/python/hy2,1
10,https://raw.githubusercontent.com/Surfboardv2ray/TGParse/main/python/hysteria2,7
11,https://raw.githubusercontent.com/qjlxg/hy2/main/splitted/hy2,17
12,https://raw.githubusercontent.com/ripaojiedian/freenode/main/clash,19
13,https://raw.githubusercontent.com/ripaojiedian/freenode/main/sub,20
14,https://raw.githubusercontent.com/zhangkaiitugithub/passcro/main/speednodes.yaml,38
15,dynamic://peasoft,0

总计,,305
